sep=;
ACCELEROMETER X (m/s²);ACCELEROMETER Y (m/s²);ACCELEROMETER Z (m/s²);GRAVITY X (m/s²);GRAVITY Y (m/s²);GRAVITY Z (m/s²);LINEAR ACCELERATION X (m/s²);LINEAR ACCELERATION Y (m/s²);LINEAR ACCELERATION Z (m/s²);GYROSCOPE X (rad/s);GYROSCOPE Y (rad/s);GYROSCOPE Z (rad/s);MAGNETIC FIELD X (μT);MAGNETIC FIELD Y (μT);MAGNETIC FIELD Z (μT);ORIENTATION X (°);ORIENTATION Y (°);ORIENTATION Z (°);PROXIMITY (i);SOUND LEVEL (dB);LOCATION Latitude : ;LOCATION Longitude : ;LOCATION Altitude ( m);LOCATION Speed ( Kmh);LOCATION Accuracy ( m);Satellites in range;Temperature (C);Level (%);Voltage (Volt);Time since start in ms ;YYYY-MO-DD HH-MI-SS_SSS
0.3172;3.4141;8.7843;0.1504;3.2931;9.236;0.1668;0.121;-0.4516;0.0468;-0.0925;-0.0195;1.93;-36.69;-18.16;184.55;-19.62;-0.93;2.0;42.328;19.519932;-96.91544;;;188.70969;0 / 2;28.8;96.0;4.225;222;2014-10-24 12:39:55:105
-0.1891;2.2015;8.6921;-1.153;2.7405;9.3451;0.9639;-0.539;-0.6529;0.3147;0.0478;-0.0322;3.94;-35.55;-19.43;183.23;-16.23;7.03;2.0;42.628;19.519932;-96.91544;;;188.70969;0 / 4;28.8;96.0;4.225;805;2014-10-24 12:39:55:688
-3.5291;0.9697;5.6515;-2.5132;3.0414;8.978;-1.0159;-2.0717;-3.3265;0.1884;0.0529;0.1249;2.46;-34.88;-19.94;179.31;-17.14;6.66;2.0;42.385;19.519932;-96.91544;;;188.70969;0 / 4;28.8;96.0;4.225;1411;2014-10-24 12:39:56:294
-19.6127;0.5878;0.8092;-9.2648;-2.0155;2.5043;-10.3479;2.6033;-1.6951;2.3041;2.6547;-3.9905;35.55;-17.49;6.07;240.69;-6.99;58.08;0.0;42.575;19.519932;-96.91544;;;188.70969;0 / 3;28.8;96.0;4.225;2503;2014-10-24 12:39:57:386
-9.651;-7.9428;0.8763;-9.5497;-2.0285;0.9264;-0.1013;-5.9143;-0.0501;-1.5049;1.1218;2.187;39.06;-8.64;-0.54;189.33;11.94;84.46;0.0;46.029;19.519932;-96.91544;;;188.70969;0 / 3;28.8;96.0;4.225;3080;2014-10-24 12:39:57:963
4.6424;-9.1075;1.7729;0.6805;-9.499;-2.3402;3.9618;0.3914;4.1132;3.0478;2.3007;-2.5423;6.32;14.71;33.92;197.86;66.02;156.71;0.0;63.006;19.519932;-96.91544;;;188.70969;0 / 3;28.8;96.0;4.225;3780;2014-10-24 12:39:58:663
-1.3372;-10.1586;1.4904;0.1363;-9.3628;-2.9136;-1.4735;-0.7958;4.404;-0.9374;0.2401;0.8942;-12.46;22.6;23.52;146.34;85.24;-122.13;0.0;71.379;19.519932;-96.91544;;;188.70969;0 / 3;28.8;96.0;4.225;4708;2014-10-24 12:39:59:591
-4.7896;-15.457;-5.4145;0.2268;-9.751;-1.0188;-5.0164;-5.706;-4.3957;0.405;2.1058;-0.2191;-20.9;29.09;12.56;254.3;78.36;-172.17;0.0;57.636;19.519932;-96.91544;;;188.70969;0 / 3;28.8;96.0;4.225;5265;2014-10-24 12:40:00:148
1.8711;-3.8176;1.5909;0.0988;-9.8058;-0.0847;1.7723;5.9882;1.6756;-0.1142;1.9552;0.4999;-24.27;21.46;17.26;185.34;89.24;-130.6;0.0;55.857;19.519932;-96.91544;;;188.70969;0 / 3;28.8;96.0;4.225;5932;2014-10-24 12:40:00:815
-5.6611;-14.5974;-4.6519;0.8679;-8.9782;3.8483;-6.5289;-5.6193;-8.5003;0.3006;-1.022;0.435;-19.57;33.0;3.75;57.84;66.28;-12.71;0.0;66.266;19.519932;-96.91544;;;188.70969;0 / 3;28.8;96.0;4.225;6496;2014-10-24 12:40:01:379
3.3363;-19.6133;-17.492;0.6003;-9.5701;-2.0549;2.736;-10.0432;-15.4372;-0.5768;2.0267;0.6099;-24.12;25.77;12.76;236.02;77.39;-163.72;0.0;64.759;19.519932;-96.91544;;;188.70969;0 / 3;28.8;96.0;4.225;7199;2014-10-24 12:40:02:082
-1.2617;-11.2911;2.4768;0.0213;-9.7973;-0.4266;-1.2831;-1.4937;2.9034;-1.9933;1.8889;0.4648;-24.59;30.36;1.22;267.84;87.5;-177.14;0.0;66.787;19.519932;-96.91544;;;188.70969;0 / 3;28.8;96.0;4.225;7751;2014-10-24 12:40:02:634
-1.2773;-11.5233;7.7596;1.2831;-9.7223;-0.0312;-2.5604;-1.801;7.7908;2.1963;-2.4822;-0.6744;-29.16;26.01;4.14;172.62;82.48;-91.39;0.0;66.937;19.519932;-96.91544;;;188.70969;0 / 3;28.8;96.0;4.225;8333;2014-10-24 12:40:03:216
3.0921;-12.6246;0.0443;0.4402;-9.7967;-0.0395;-0.3507;-2.8623;3.5936;-2.3685;1.3265;-0.9298;-24.98;26.29;11.21;160.54;87.42;-95.13;0.0;63.93;19.519932;-96.91544;;;188.70969;0 / 3;28.8;96.0;4.225;8922;2014-10-24 12:40:03:805
-3.4381;-7.944;1.2438;1.0069;-9.7399;0.5394;-4.445;1.7959;0.7044;0.9291;1.722;0.991;-21.95;22.83;10.74;172.63;80.41;-110.44;0.0;58.534;19.519932;-96.91544;;;188.70969;0 / 3;28.8;96.0;4.225;9451;2014-10-24 12:40:04:334
-0.4262;-10.3681;0.996;-0.0228;-9.7274;1.2439;-0.4034;-0.6407;-0.248;-2.2622;1.5973;-0.6343;-19.42;28.22;-1.78;70.22;69.94;-3.02;0.0;63.111;19.519932;-96.91544;;;188.70969;0 / 3;28.8;96.0;4.225;10021;2014-10-24 12:40:04:904
-2.1416;-9.098;4.2018;0.9172;-9.7516;-0.4848;-3.0588;0.6537;4.6867;0.4133;0.3928;-0.6348;-28.17;24.44;-3.15;217.27;83.93;-117.86;0.0;64.388;19.519932;-96.91544;;;188.70969;0 / 3;28.8;96.0;4.225;10542;2014-10-24 12:40:05:425
-3.3148;-11.5233;3.6428;0.2261;-9.8036;0.0903;-0.9043;-0.8836;-4.7455;0.4972;4.1201;-0.2925;-26.71;23.41;-12.72;184.01;88.58;-68.22;0.0;63.16;19.519932;-96.91544;;;188.70969;0 / 2;28.8;96.0;4.225;11083;2014-10-24 12:40:05:966
8.4192;-14.8357;0.8475;1.367;-9.6924;-0.5986;1.1038;0.4197;-6.894;0.9769;-0.2962;0.5511;-27.14;25.26;0.32;207.69;81.25;-113.65;0.0;52.482;19.519932;-96.91544;;;188.70969;0 / 2;28.8;96.0;4.225;11744;2014-10-24 12:40:06:627
0.7506;-10.1071;0.9445;1.8245;-9.4438;1.9121;-1.074;-0.6633;-0.9676;-0.062;0.1718;-0.0627;-27.64;24.87;-2.27;125.29;74.46;-43.73;0.0;64.082;19.519932;-96.91544;;;188.70969;0 / 2;28.8;96.0;4.225;12374;2014-10-24 12:40:07:257
1.8423;-9.5409;0.6201;2.0133;-9.519;1.227;-0.171;-0.0219;-0.6069;-0.0312;0.0446;-0.0051;-27.45;24.27;0.15;139.77;76.09;-58.64;0.0;62.892;19.519932;-96.91544;;;188.70969;0 / 1;28.8;96.0;4.225;12885;2014-10-24 12:40:07:768
1.7645;-9.5792;0.4693;1.9736;-9.5785;0.7269;-0.2091;-7.0E-4;-0.2576;-0.04;0.0805;-0.0859;-27.51;24.42;-0.17;149.28;77.47;-65.37;0.0;42.292;19.519932;-96.91544;;;188.70969;0 / 1;28.8;96.0;4.225;13394;2014-10-24 12:40:08:277
0.6273;-9.7827;-1.4473;2.3477;-9.5157;-0.3309;-1.7204;-0.267;-1.1164;-0.2762;0.9174;-0.0054;-28.94;21.95;-4.78;193.13;75.66;-90.54;0.0;56.638;19.519932;-96.91544;;;188.70969;0 / 0;28.8;96.0;4.225;13970;2014-10-24 12:40:08:853
3.2597;-8.0278;-3.9804;3.5493;-8.8881;-2.1387;-0.2896;0.8604;-1.8417;-1.4712;2.4647;-0.1281;-26.59;22.64;-13.42;258.37;65.0;-121.07;0.0;55.499;19.519932;-96.91544;;;188.70969;0 / 0;28.8;96.0;4.225;14575;2014-10-24 12:40:09:458
2.1727;-8.5629;1.5131;1.4662;-9.6946;-0.1861;0.7066;1.1318;1.6993;0.2562;-0.7393;-0.6875;7.8;29.93;-21.98;295.55;74.4;-77.72;0.0;60.084;19.519932;-96.91544;;;188.70969;0 / 0;29.8;96.0;4.166;15116;2014-10-24 12:40:09:999
3.796;-8.9807;0.9002;2.5389;-9.4667;-0.3262;1.2571;0.486;1.2264;-0.6792;4.3504;-0.5316;14.26;33.71;5.15;17.29;74.87;-97.32;0.0;55.475;19.519932;-96.91544;;;188.70969;0 / 0;29.8;96.0;4.166;15690;2014-10-24 12:40:10:573
4.5981;-8.9651;0.6871;3.2875;-9.2233;-0.5417;1.3105;0.2582;1.2288;-0.0371;-0.039;-0.3611;9.26;32.5;16.21;45.8;70.14;-99.36;0.0;57.433;19.519932;-96.91544;;;188.70969;0 / 0;29.8;96.0;4.166;16209;2014-10-24 12:40:11:092
2.5594;-9.7947;-0.2562;2.9213;-9.3487;-0.4883;-0.3619;-0.446;0.2322;0.0805;-0.2135;0.235;6.97;31.67;18.65;56.32;72.42;-99.49;0.0;62.017;19.519932;-96.91544;;;188.70969;0 / 0;29.8;96.0;4.166;16805;2014-10-24 12:40:11:688
-0.0946;-9.4188;-0.9158;1.7985;-9.6362;-0.2807;-1.893;0.2175;-0.6351;-0.1835;0.5265;0.312;6.37;30.34;20.48;67.47;78.41;-99.48;0.0;59.035;19.519932;-96.91544;;;188.70969;0 / 0;29.8;96.0;4.166;17429;2014-10-24 12:40:12:312
5.7102;-8.9352;-3.4201;2.871;-9.1189;-2.185;2.8392;0.1837;-1.2351;-1.0701;1.8516;0.2084;-17.54;19.32;24.21;163.69;71.27;-130.93;0.0;71.778;19.519932;-96.91544;;;188.70969;0 / 0;29.8;96.0;4.166;18021;2014-10-24 12:40:12:904
-0.237;-8.7568;-0.1185;0.9655;-9.7524;-0.3585;-1.2025;0.9956;0.2399;0.6446;-0.4843;0.9881;-25.75;22.51;7.68;204.62;64.49;-120.7;0.0;59.695;19.519932;-96.91544;;;188.70969;0 / 0;29.8;96.0;4.166;18571;2014-10-24 12:40:13:454
1.8531;-10.8122;-1.549;1.192;-9.7214;0.4932;0.6611;-1.0908;-2.0422;-0.4167;-2.7799;-0.1722;-23.73;25.71;-3.39;162.0;82.44;-67.52;0.0;63.467;19.519932;-96.91544;;;188.70969;0 / 0;29.8;96.0;4.166;19084;2014-10-24 12:40:13:967
3.6547;-3.401;0.4322;4.0185;-8.6554;-2.2598;-0.3637;5.2544;2.6919;-0.7261;2.9617;-0.9503;-29.69;17.71;-2.31;230.1;61.96;-119.35;0.0;66.101;19.519932;-96.91544;;;188.70969;0 / 0;29.8;96.0;4.166;19728;2014-10-24 12:40:14:611
1.816;-9.6546;1.2103;2.9762;-9.3356;0.3987;-1.1602;-0.319;0.8116;0.4772;0.2025;0.3025;-18.7;20.3;-20.91;238.81;69.84;-89.58;0.0;63.448;19.519932;-96.91544;;;188.70969;0 / 0;29.8;96.0;4.166;20322;2014-10-24 12:40:15:205
3.322;-8.9711;1.5;2.9051;-9.3464;0.6132;0.4169;0.3753;0.8868;0.0961;0.2664;-0.0737;-22.21;19.21;-18.89;218.78;72.38;-78.08;0.0;56.132;19.519932;-96.91544;;;188.70969;0 / 0;29.8;96.0;4.166;20865;2014-10-24 12:40:15:748
2.0375;-9.7935;1.002;2.8095;-9.3869;0.4037;0.7153;0.4681;0.8598;0.1064;-0.3269;0.1854;-21.25;19.23;-18.97;222.97;73.18;-81.82;0.0;54.188;19.519932;-96.91544;;;188.70969;0 / 0;29.8;96.0;4.166;21384;2014-10-24 12:40:16:267
2.5762;-9.3829;0.097;2.8552;-9.3753;0.348;-0.279;-0.0075;-0.2511;-0.0068;-0.0544;-0.0205;-21.05;19.21;-19.47;224.59;72.94;-83.05;0.0;56.138;19.519932;-96.91544;;;188.70969;0 / 0;29.8;96.0;4.166;21966;2014-10-24 12:40:16:849
2.8886;-9.0668;1.154;2.8463;-9.3754;0.4143;0.0423;0.3085;0.7397;0.04;0.0761;-0.0081;-21.4;18.87;-19.66;225.42;72.99;-82.51;0.0;53.585;19.519932;-96.91544;;;188.70969;0 / 0;29.8;96.0;4.166;22524;2014-10-24 12:40:17:407
2.7916;-9.3134;0.735;2.8167;-9.3785;0.5288;-0.025;0.0651;0.2062;0.0098;-0.011;-0.0129;-21.29;18.7;-20.01;221.98;72.98;-79.59;0.0;54.976;19.519932;-96.91544;;;188.70969;0 / 0;29.8;96.0;4.166;23044;2014-10-24 12:40:17:927
2.7641;-9.3122;0.9278;2.8032;-9.3813;0.551;-0.0391;0.0691;0.3768;0.0151;-0.0024;-0.0015;-21.35;17.95;-20.52;220.31;73.13;-78.66;0.0;48.281;19.519932;-96.91544;;;188.70969;0 / 0;29.8;96.0;4.166;23566;2014-10-24 12:40:18:449
2.9413;-9.2632;0.7937;2.8003;-9.3845;0.5102;0.1409;0.1213;0.2835;0.0107;-0.009;-0.0188;-21.01;18.65;-20.01;221.59;73.12;-79.35;0.0;53.949;19.519932;-96.91544;;;188.70969;0 / 0;29.8;96.0;4.166;24075;2014-10-24 12:40:18:958
2.6528;-9.3793;0.6512;2.7827;-9.3961;0.3737;0.0101;0.1533;0.3685;0.002;0.021;-0.0034;-21.25;18.87;-19.55;224.96;73.36;-82.35;0.0;54.505;19.519932;-96.91544;;;188.70969;0 / 0;29.8;96.0;4.166;24591;2014-10-24 12:40:19:474
2.8036;-9.2871;0.6117;2.8181;-9.3885;0.2898;-0.0145;0.1014;0.3219;0.0054;0.0051;-0.0281;-21.8;19.02;-19.3;223.86;73.21;-84.13;0.0;46.615;19.519932;-96.91544;;;188.70969;0 / 0;29.8;96.0;4.166;25110;2014-10-24 12:40:19:993
2.8814;-9.2763;0.5986;2.8655;-9.3737;0.3066;0.0159;0.0973;0.292;0.0054;-0.021;-0.0166;-21.7;18.31;-18.87;223.16;72.97;-83.79;0.0;52.37;19.519932;-96.91544;;;188.70969;0 / 0;29.8;96.0;4.166;25623;2014-10-24 12:40:20:506
2.9712;-9.2883;0.5878;2.8869;-9.3668;0.3135;0.0843;0.0785;0.2743;0.0278;-0.0134;-0.0107;-21.85;18.83;-18.87;223.9;72.81;-83.91;0.0;58.052;19.519932;-96.91544;;;188.70969;0 / 0;29.8;96.0;4.166;26232;2014-10-24 12:40:21:115
2.9221;-9.2668;0.492;2.8827;-9.3676;0.3303;0.0394;0.1008;0.1617;0.0234;0.0105;-0.0107;-21.81;18.78;-18.68;223.44;72.8;-83.52;0.0;62.886;19.519932;-96.91544;;;188.70969;0 / 0;29.8;96.0;4.166;26809;2014-10-24 12:40:21:692
2.9054;-9.2955;0.5614;2.902;-9.3605;0.361;-0.0377;0.0517;0.1999;0.0098;-5.0E-4;-0.0146;-21.81;18.72;-18.78;222.87;72.67;-82.96;0.0;59.999;19.519932;-96.91544;;;188.70969;0 / 0;29.8;96.0;4.166;27464;2014-10-24 12:40:22:347
2.818;-9.3087;0.5423;2.8914;-9.3631;0.3777;-0.0734;0.0544;0.1646;0.0195;0.0176;-0.0139;-21.59;18.89;-18.87;222.55;72.68;-82.7;0.0;55.82;19.519932;-96.91544;;;188.70969;0 / 0;29.8;96.0;4.166;28030;2014-10-24 12:40:22:913
2.9544;-9.2931;0.48;2.9124;-9.3562;0.3883;-0.0701;0.0805;0.1831;0.0088;-0.0193;-0.0127;-21.83;18.89;-18.78;222.29;72.57;-82.41;0.0;63.816;19.519932;-96.91544;;;188.70969;0 / 0;29.8;96.0;4.166;28731;2014-10-24 12:40:23:614
2.8527;-9.3122;0.5782;2.9214;-9.3537;0.3802;-0.0687;0.0414;0.198;0.0107;-0.0022;-0.0188;-22.17;18.91;-18.85;222.54;72.52;-82.59;0.0;59.234;19.519932;-96.91544;;;188.70969;0 / 0;29.8;96.0;4.166;29329;2014-10-24 12:40:24:212
2.903;-9.2883;0.5447;2.9322;-9.3492;0.405;-0.0293;0.0609;0.1397;0.021;0.0015;-0.0127;-21.98;19.38;-18.74;222.07;72.43;-82.14;0.0;58.663;19.519932;-96.91544;;;188.70969;0 / 0;29.8;96.0;4.166;29915;2014-10-24 12:40:24:798
2.9509;-9.2428;0.486;2.9392;-9.3466;0.416;0.0117;0.1038;0.0701;0.02;0.0132;-0.0083;-22.04;19.32;-18.63;221.99;72.39;-82.05;0.0;59.491;19.519932;-96.91544;;;188.70969;0 / 0;29.8;96.0;4.166;30561;2014-10-24 12:40:25:444
2.9113;-9.2476;0.48;2.9344;-9.3477;0.4246;-0.023;0.1001;0.0555;0.0132;2.0E-4;-0.0124;-21.51;19.58;-18.7;222.14;72.4;-81.77;0.0;60.203;19.519932;-96.91544;;;188.70969;0 / 0;29.8;96.0;4.166;31115;2014-10-24 12:40:25:998
2.8946;-9.2787;0.4441;2.9369;-9.3463;0.4388;-0.0423;0.0675;0.0054;0.0249;0.02;-0.0142;-21.74;19.45;-18.65;221.35;72.37;-81.5;0.0;58.376;19.519932;-96.91544;;;188.70969;0 / 0;29.8;96.0;4.166;31759;2014-10-24 12:40:26:642
2.8898;-9.3015;0.4717;2.9447;-9.3432;0.4504;-0.0549;0.0418;0.0213;0.0127;0.0105;-0.0163;-21.81;19.32;-18.53;221.11;72.33;-81.28;0.0;58.438;19.519932;-96.91544;;;188.70969;0 / 0;29.8;96.0;4.166;32322;2014-10-24 12:40:27:205
2.9066;-9.3206;0.5076;2.9382;-9.3449;0.4591;-0.0317;0.0242;0.0485;0.0215;0.0237;-0.0098;-21.5;19.27;-18.63;221.11;72.32;-81.27;0.0;59.776;19.519932;-96.91544;;;188.70969;0 / 0;29.8;96.0;4.166;32951;2014-10-24 12:40:27:834
2.8946;-9.335;0.6021;2.8934;-9.3551;0.5299;-0.0701;0.055;0.0916;0.0156;0.0256;-0.0066;-21.46;19.47;-18.82;220.8;72.55;-79.62;0.0;61.683;19.519932;-96.91544;;;188.70969;0 / 0;29.8;96.0;4.166;33521;2014-10-24 12:40:28:404
2.8587;-9.2823;0.6357;2.8783;-9.3579;0.5621;-0.1118;0.0396;0.0483;0.0185;0.0022;-0.0159;-21.59;19.51;-18.98;218.45;72.64;-78.88;0.0;64.143;19.519932;-96.91544;;;188.70969;0 / 0;29.8;96.0;4.166;34050;2014-10-24 12:40:28:933
2.812;-9.2859;0.6177;2.89;-9.3549;0.5519;-0.078;0.069;0.0658;0.0088;-0.0027;-0.0188;-22.02;19.0;-19.15;218.13;72.57;-78.95;0.0;61.5;19.519932;-96.91544;;;188.70969;0 / 0;29.8;96.0;4.166;34586;2014-10-24 12:40:29:469
2.8778;-9.2153;0.644;2.8975;-9.352;0.5603;-0.0197;0.1368;0.0837;0.0132;0.0049;-0.0137;-21.63;18.82;-19.0;218.54;72.5;-79.24;0.0;60.058;19.519932;-96.91544;;;188.70969;0 / 0;29.8;96.0;4.166;35113;2014-10-24 12:40:29:996
2.891;-9.2883;0.5878;2.9147;-9.3467;0.5606;-0.0237;0.0584;0.0272;0.0107;-0.0022;-0.0151;-21.95;19.19;-18.87;218.46;72.38;-79.11;0.0;57.876;19.519932;-96.91544;;;188.70969;0 / 0;29.8;96.0;4.166;35681;2014-10-24 12:40:30:564
2.9042;-9.2955;0.6273;2.9209;-9.3447;0.5609;-0.0167;0.0493;0.0664;0.0142;-0.0027;-0.0137;-22.06;19.1;-18.93;218.61;72.35;-79.22;0.0;59.609;19.519932;-96.91544;;;188.70969;0 / 0;29.8;96.0;4.166;36202;2014-10-24 12:40:31:085
2.9281;-9.2668;0.6057;2.9249;-9.3435;0.5605;0.0056;0.0779;0.0106;0.0127;0.0056;-0.0137;-22.4;19.25;-19.02;218.55;72.32;-79.15;0.0;61.097;19.519932;-96.91544;;;188.70969;0 / 0;29.8;96.0;4.166;36741;2014-10-24 12:40:31:624
2.9054;-9.2919;0.5758;2.9158;-9.3467;0.5543;-0.0105;0.0548;0.0215;0.0146;0.0115;-0.0105;-22.19;18.97;-19.27;218.59;72.37;-79.21;0.0;60.235;19.519932;-96.91544;;;188.70969;0 / 0;29.8;96.0;4.166;37242;2014-10-24 12:40:32:125
2.8994;-9.2847;0.5076;2.921;-9.3461;0.5381;-0.0216;0.0613;-0.0305;0.0137;-5.0E-4;-0.0132;-22.15;19.21;-18.97;218.95;72.37;-79.51;0.0;60.71;19.519932;-96.91544;;;188.70969;0 / 0;29.8;96.0;4.166;37781;2014-10-24 12:40:32:664
2.8659;-9.2883;0.5124;2.9188;-9.3467;0.5384;-0.053;0.0584;-0.026;0.0161;0.0193;-0.0124;-22.11;19.08;-18.93;218.99;72.38;-79.55;0.0;64.231;19.519932;-96.91544;;;188.70969;0 / 0;29.8;96.0;4.166;38296;2014-10-24 12:40:33:179
2.897;-9.3087;0.4717;2.914;-9.3482;0.5396;-0.017;0.0395;-0.0679;0.022;0.0278;-0.0112;-21.93;19.06;-18.89;218.96;72.4;-79.53;0.0;64.753;19.519932;-96.91544;;;188.70969;0 / 0;29.8;96.0;4.166;38834;2014-10-24 12:40:33:717
2.9293;-9.2692;0.5207;2.917;-9.3466;0.5497;-0.0092;0.0835;0.0501;0.0161;0.0024;-0.0139;-21.93;19.19;-18.87;218.79;72.41;-79.4;0.0;65.805;19.519932;-96.91544;;;188.70969;0 / 0;29.8;96.0;4.166;39373;2014-10-24 12:40:34:256
2.8754;-9.3063;0.5842;2.92;-9.3446;0.5683;-0.0446;0.0383;0.0159;0.0171;0.0041;-0.0132;-22.47;19.1;-19.98;218.33;72.35;-79.13;0.0;66.338;19.519932;-96.91544;;;188.70969;0 / 0;29.8;96.0;4.166;39892;2014-10-24 12:40:34:775
2.9197;-9.2883;0.5782;2.9154;-9.3438;0.6038;0.0043;0.0555;-0.0256;0.0215;0.0132;-0.0122;-21.95;18.85;-19.19;217.69;72.33;-78.45;0.0;63.538;19.519932;-96.91544;;;188.70969;0 / 0;29.8;96.0;4.166;40453;2014-10-24 12:40:35:336
2.8718;-9.2847;0.6512;2.9201;-9.3404;0.6322;-0.0482;0.0557;0.019;0.0146;0.0056;-0.0176;-21.8;19.17;-19.08;216.97;72.3;-77.84;0.0;66.289;19.519932;-96.91544;;;188.70969;0 / 0;29.8;96.0;4.166;41012;2014-10-24 12:40:35:895
2.8934;-9.2967;0.5399;2.9133;-9.3438;0.6142;4.0E-4;0.0878;-0.0623;0.0181;0.0054;-0.0076;-22.28;19.1;-19.32;217.2;72.3;-78.03;0.0;67.933;19.519932;-96.91544;;;188.70969;0 / 0;29.8;96.0;4.166;41526;2014-10-24 12:40:36:409
2.8228;-9.2835;0.5758;2.8343;-9.368;0.6142;-0.1229;-0.0256;-0.054;0.0298;0.0446;0.032;-22.32;19.27;-18.98;217.83;72.45;-78.63;0.0;66.394;19.519932;-96.91544;;;188.70969;0 / 0;29.8;96.0;4.166;42050;2014-10-24 12:40:36:933
2.7114;-9.3529;0.7075;2.8211;-9.3711;0.6273;-0.1097;0.0182;0.0802;-0.0151;-0.0437;-0.0415;-21.7;18.65;-19.43;216.13;72.86;-77.46;0.0;65.05;19.519932;-96.91544;;;188.70969;0 / 0;29.8;96.0;4.166;42596;2014-10-24 12:40:37:479
2.8527;-9.3146;0.5567;2.8383;-9.3669;0.6132;-0.0132;0.0355;-0.0243;0.0166;0.0142;-0.0154;-21.66;18.63;-19.27;216.49;72.79;-77.72;0.0;64.867;19.519932;-96.91544;;;188.70969;0 / 0;29.8;96.0;4.166;43096;2014-10-24 12:40:37:979
2.8563;-9.2859;0.5698;2.8426;-9.366;0.6068;0.0137;0.0801;-0.037;0.019;0.0041;-0.0127;-21.57;19.0;-18.85;216.74;72.76;-77.91;0.0;65.358;19.519932;-96.91544;;;188.70969;0 / 0;29.8;96.0;4.166;43660;2014-10-24 12:40:38:543
2.8599;-9.3027;0.577;2.8505;-9.364;0.601;0.0094;0.0613;-0.024;0.0205;0.0142;-0.01;-21.93;18.59;-19.36;217.06;72.73;-78.16;0.0;66.646;19.519932;-96.91544;;;188.70969;0 / 0;29.8;96.0;4.166;44263;2014-10-24 12:40:39:146
2.8168;-9.2955;0.6285;2.8442;-9.3648;0.6173;-0.0275;0.0693;0.0112;0.0215;0.0059;-0.0112;-21.89;19.23;-20.05;218.15;72.74;-77.76;0.0;63.309;19.519932;-96.91544;;;188.70969;0 / 0;29.8;96.0;4.166;44802;2014-10-24 12:40:39:685
2.8503;-9.25;0.6812;2.8449;-9.3635;0.6335;0.0054;0.1135;0.0476;0.0151;0.012;-0.0134;-21.68;19.15;-19.79;217.79;72.71;-77.45;0.0;66.132;19.519932;-96.91544;;;188.70969;0 / 0;30.4;95.0;4.149;45305;2014-10-24 12:40:40:188
2.8527;-9.2692;0.6883;2.8439;-9.3627;0.6506;0.0135;0.06;-0.0293;0.0132;0.0166;-0.0134;-21.53;19.28;-19.06;215.82;72.69;-77.12;0.0;65.94;19.519932;-96.91544;;;188.70969;0 / 0;30.4;95.0;4.149;45814;2014-10-24 12:40:40:697
2.8359;-9.2656;0.6716;2.8456;-9.3623;0.6477;-0.0601;0.0528;-0.0221;0.0098;-7.0E-4;-0.012;-21.66;19.3;-19.17;215.86;72.68;-77.15;0.0;65.312;19.519932;-96.91544;;;188.70969;0 / 0;30.4;95.0;4.149;46317;2014-10-24 12:40:41:200
2.7821;-9.3003;0.6309;2.8393;-9.3638;0.6538;-0.0566;0.0638;-0.0227;0.019;7.0E-4;-0.0151;-20.95;19.21;-19.15;217.53;72.72;-77.03;0.0;64.61;19.519932;-96.91544;;;188.70969;0 / 0;30.4;95.0;4.149;46845;2014-10-24 12:40:41:728
2.7916;-9.3242;0.6512;2.8354;-9.365;0.6535;0.0133;0.0924;-0.0153;0.0229;0.0059;-0.0076;-21.76;19.25;-18.95;215.73;72.71;-77.06;0.0;60.929;19.519932;-96.91544;;;188.70969;0 / 0;30.4;95.0;4.149;47363;2014-10-24 12:40:42:246
2.7629;-9.3278;0.6871;2.798;-9.3739;0.6872;-0.0351;0.046;-1.0E-4;0.0229;-0.0068;-0.0156;-21.91;18.57;-19.92;216.16;72.91;-76.2;0.0;60.071;19.519932;-96.91544;;;188.70969;0 / 1;30.4;95.0;4.149;47934;2014-10-24 12:40:42:817
2.7653;-9.2907;0.6692;2.7755;-9.3779;0.7227;-0.0102;0.0872;-0.0535;0.0288;0.0203;-0.009;-21.87;19.38;-19.25;214.21;72.92;-75.92;0.0;56.648;19.519932;-96.91544;;;188.70969;0 / 1;30.4;95.0;4.149;48442;2014-10-24 12:40:43:325
2.7845;-9.2823;0.9026;2.7815;-9.3747;0.7403;0.0029;0.0924;0.1623;5.0E-4;0.0063;-0.0056;-21.55;19.64;-19.25;213.48;72.91;-74.99;0.0;49.408;19.519932;-96.91544;;;188.70969;0 / 0;30.4;95.0;4.149;48986;2014-10-24 12:40:43:869
2.4612;-9.3386;1.2366;2.4188;-9.437;1.1242;0.0424;0.0984;0.1124;0.1015;0.1688;0.0851;-19.58;19.7;-21.66;208.82;74.22;-65.07;0.0;55.408;19.519932;-96.91544;;;188.70969;0 / 0;30.4;95.0;4.149;49503;2014-10-24 12:40:44:386
2.3008;-9.5828;1.2953;2.2731;-9.4714;1.1388;0.0278;-0.1114;0.1565;-0.0766;-0.2147;-0.0808;-18.85;19.98;-21.44;206.82;74.97;-63.39;0.0;54.289;19.519932;-96.91544;;;188.70969;0 / 0;30.4;95.0;4.149;50205;2014-10-24 12:40:45:088
2.4409;-9.347;0.905;2.3972;-9.4529;1.0328;0.1647;0.0488;0.0171;0.0073;0.001;-0.0207;-19.7;19.55;-20.31;206.48;74.68;-65.85;0.0;52.668;19.519932;-96.91544;;;188.70969;0 / 0;30.4;95.0;4.149;50864;2014-10-24 12:40:45:747
2.5055;-9.3446;1.2893;2.4501;-9.4483;0.9468;0.0554;0.1038;0.3425;-0.0068;-0.2315;-0.0312;-19.73;19.7;-21.42;211.87;74.46;-68.87;0.0;52.168;19.519932;-96.91544;;;188.70969;0 / 0;30.4;95.0;4.149;51445;2014-10-24 12:40:46:328
2.66;-9.3338;0.8212;2.5573;-9.4291;0.8502;0.1026;0.0953;-0.029;0.0093;-0.0437;-0.02;-21.33;19.57;-20.48;210.56;74.21;-70.48;0.0;51.793;19.519932;-96.91544;;;188.70969;0 / 0;30.4;95.0;4.149;51988;2014-10-24 12:40:46:871
2.6552;-9.3458;0.7913;2.5595;-9.4298;0.8351;0.0956;0.0841;-0.0439;-0.0259;-0.0547;-0.0356;-21.4;19.36;-20.18;211.68;74.09;-71.62;0.0;53.9;19.519932;-96.91544;;;188.70969;0 / 0;30.4;95.0;4.149;52603;2014-10-24 12:40:47:486
2.5115;-9.4451;0.9325;2.6087;-9.4248;0.7331;-0.0972;-0.0203;0.1994;0.0185;0.0895;-0.0044;-21.96;19.36;-20.15;213.23;73.96;-74.3;0.0;56.183;19.519932;-96.91544;;;188.70969;0 / 0;30.4;95.0;4.149;53293;2014-10-24 12:40:48:176
2.5187;-9.2584;0.8392;2.6504;-9.4132;0.7329;0.0311;0.0974;0.0105;0.0229;-0.0083;-0.0163;-21.35;19.32;-20.07;215.44;73.72;-74.54;0.0;48.936;19.519932;-96.91544;;;188.70969;0 / 0;30.4;95.0;4.149;53841;2014-10-24 12:40:48:724
2.393;-9.4403;0.4812;2.6205;-9.4184;0.773;-0.2275;-0.022;-0.2918;0.0239;0.0625;0.0024;-21.59;19.49;-20.26;212.29;73.69;-73.39;0.0;48.303;19.519932;-96.91544;;;188.70969;0 / 0;30.4;95.0;4.149;54420;2014-10-24 12:40:49:303
2.4972;-9.4846;1.1325;2.4678;-9.4427;0.9568;0.0293;-0.0419;0.1756;0.0766;0.192;0.0798;-21.1;19.62;-20.8;210.0;74.34;-68.81;0.0;47.091;19.519932;-96.91544;;;188.70969;0 / 0;30.4;95.0;4.149;55053;2014-10-24 12:40:49:936
2.3499;-9.4391;1.0451;2.3133;-9.4781;0.9926;0.0366;0.0389;0.0525;-0.0425;-0.0737;-0.1317;-20.56;19.79;-20.73;207.11;75.13;-66.78;0.0;53.434;19.519932;-96.91544;;;188.70969;0 / 0;30.4;95.0;4.149;55724;2014-10-24 12:40:50:607
2.5642;-9.2931;0.4597;2.6934;-9.4172;0.4819;-0.1292;0.1241;-0.0222;0.0122;0.0788;0.0076;-21.68;20.2;-19.36;218.82;73.8;-79.86;0.0;50.691;19.519932;-96.91544;;;188.70969;0 / 0;30.4;95.0;4.149;56226;2014-10-24 12:40:51:109
2.654;-9.432;0.3579;2.6785;-9.4221;0.4683;-0.0245;-0.0098;-0.1103;0.0776;-0.0827;-0.0295;-21.55;19.92;-19.12;219.15;74.02;-80.26;0.0;52.802;19.519932;-96.91544;;;188.70969;0 / 0;30.4;95.0;4.149;56742;2014-10-24 12:40:51:625
2.5666;-9.2799;-0.0311;2.6705;-9.4255;0.4454;-0.1039;0.1456;-0.4765;0.0361;0.1274;-0.021;-21.81;19.94;-19.66;220.06;73.74;-80.86;0.0;54.312;19.519932;-96.91544;;;188.70969;0 / 0;30.4;95.0;4.149;57286;2014-10-24 12:40:52:169
2.733;-9.3003;0.3065;2.6723;-9.4243;0.4595;0.0607;0.1241;-0.1531;0.0361;0.0693;-0.0261;-21.5;20.02;-19.3;220.99;73.95;-80.24;0.0;54.312;19.519932;-96.91544;;;188.70969;0 / 0;30.4;95.0;4.149;58312;2014-10-24 12:40:53:195
2.551;-9.5864;1.008;2.5264;-9.4475;0.7304;0.0247;-0.1389;0.2776;-0.2547;0.1874;-0.1376;-21.46;19.1;-19.81;208.38;74.72;-69.18;0.0;51.731;19.519932;-96.91544;;;188.70969;0 / 0;30.4;95.0;4.149;58857;2014-10-24 12:40:53:740
2.3798;-9.238;0.68;2.4247;-9.4651;0.8389;-0.0448;0.227;-0.159;0.0522;-0.0864;-0.0237;-20.39;19.6;-20.9;210.86;74.78;-72.71;0.0;49.457;19.519932;-96.91544;;;188.70969;0 / 0;30.4;95.0;4.149;59408;2014-10-24 12:40:54:291
2.5438;-9.3027;0.2514;2.4897;-9.4604;0.6873;0.3055;0.3768;-0.3796;-0.0429;-0.2218;-0.0761;-20.97;19.66;-20.15;218.56;74.73;-74.57;0.0;51.548;19.519932;-96.91544;;;188.70969;0 / 0;30.4;95.0;4.149;59908;2014-10-24 12:40:54:791
1.8794;-9.177;1.1205;2.3063;-9.5135;0.5868;-0.4269;0.3365;0.5337;-0.0761;0.0873;0.3616;-22.06;19.47;-19.21;215.2;73.94;-77.26;0.0;51.231;19.519932;-96.91544;;;188.70969;0 / 0;30.4;95.0;4.149;60569;2014-10-24 12:40:55:452
2.3308;-9.3518;0.5195;2.3412;-9.4964;0.7126;-0.0104;0.1446;-0.193;0.0751;-0.0142;-0.0849;-20.18;19.85;-20.6;202.89;76.19;-62.21;0.0;53.626;19.519932;-96.91544;;;188.70969;0 / 0;30.4;95.0;4.149;61160;2014-10-24 12:40:56:043
2.7928;-9.2093;0.1257;2.3515;-9.4945;0.7041;0.4414;0.2852;-0.5784;-0.0932;0.5011;0.079;-21.05;20.24;-19.6;212.56;75.48;-72.73;0.0;50.737;19.519932;-96.91544;;;188.70969;0 / 0;30.4;95.0;4.149;61683;2014-10-24 12:40:56:566
2.7294;-9.4284;0.2083;2.4673;-9.4717;0.6078;0.2621;0.0433;-0.3995;-0.0034;-0.232;-0.0371;-21.38;20.13;-19.72;216.96;74.98;-76.16;0.0;49.98;19.519932;-96.91544;;;188.70969;0 / 0;30.4;95.0;4.149;62224;2014-10-24 12:40:57:107
2.4289;-9.3039;0.8116;2.5221;-9.4604;0.5571;-0.0932;0.1565;0.2546;-0.0029;-0.0976;-0.03;-21.4;20.32;-19.98;218.08;74.82;-77.01;0.0;50.274;19.519932;-96.91544;;;188.70969;0 / 0;30.4;95.0;4.149;62832;2014-10-24 12:40:57:715
2.4361;-9.4786;0.067;2.4833;-9.471;0.5507;-0.0472;-0.0076;-0.4836;0.1054;-0.0459;-0.0117;-21.61;20.26;-19.9;216.81;74.98;-77.52;0.0;50.348;19.519932;-96.91544;;;188.70969;0 / 0;30.4;95.0;4.149;63353;2014-10-24 12:40:58:236
2.4361;-9.4786;0.067;2.4833;-9.471;0.5507;-0.0472;-0.0076;-0.4836;0.0556;-0.223;-0.0556;-21.55;20.18;-19.77;216.79;74.97;-77.5;0.0;49.658;19.519932;-96.91544;;;188.70969;0 / 0;30.4;95.0;4.149;63861;2014-10-24 12:40:58:744
2.7821;-9.6774;1.4832;2.6059;-9.4481;0.3356;0.1761;-0.2293;1.1476;-0.1654;0.1154;-0.235;-22.17;19.94;-18.35;216.66;74.48;-78.44;0.0;51.393;19.519932;-96.91544;;;188.70969;0 / 0;30.4;95.0;4.149;64396;2014-10-24 12:40:59:279
5.0482;-10.1155;-0.0682;3.9293;-8.96;-0.6704;1.1188;-1.1555;0.6021;0.2772;1.5805;0.1488;-24.23;17.78;-17.63;216.42;73.76;-82.64;0.0;60.843;19.519932;-96.91544;;;188.70969;0 / 0;30.4;95.0;4.149;64916;2014-10-24 12:40:59:799
3.1292;-10.0604;2.0099;3.8604;-9.0064;-0.391;-0.7311;-1.054;2.4009;-0.0986;0.3799;-0.0222;-25.0;16.42;-18.05;236.58;67.65;-98.73;0.0;63.894;19.519932;-96.91544;;;188.70969;0 / 0;30.4;95.0;4.149;65748;2014-10-24 12:41:00:631
1.9908;-7.8937;-0.6021;3.4117;-9.1935;-0.1025;-1.4209;1.2998;-0.4996;-0.1215;0.4855;0.9886;-21.61;19.57;-19.94;241.58;68.48;-94.28;0.0;68.221;19.519932;-96.91544;;;188.70969;0 / 0;30.4;95.0;4.149;66360;2014-10-24 12:41:01:243
3.9863;-8.843;-1.1109;4.2305;-8.764;-1.2106;-0.2442;-0.079;0.0997;-0.5036;0.1608;-0.1215;-21.7;19.87;-18.82;240.17;66.9;-92.83;0.0;68.861;19.519932;-96.91544;;;188.70969;0 / 0;30.4;95.0;4.149;66906;2014-10-24 12:41:01:789
4.8722;-8.4036;-1.3683;4.4215;-8.5428;-1.9081;0.4507;0.1392;0.5398;-0.4118;0.4131;0.0281;-18.7;23.86;-17.95;274.63;61.3;-111.84;0.0;52.978;19.519932;-96.91544;;;188.70969;0 / 0;30.4;95.0;4.149;67473;2014-10-24 12:41:02:356
3.8702;-8.5629;-1.2498;3.5772;-9.045;-1.2498;0.293;0.4821;0.0;0.0698;0.3194;0.1383;-12.07;27.62;-17.97;287.79;66.85;-111.44;0.0;76.893;19.519932;-96.91544;;;188.70969;0 / 0;30.4;95.0;4.149;67981;2014-10-24 12:41:02:864
4.5574;-8.8753;-1.2007;4.6397;-8.513;-1.4738;-0.0823;-0.3623;0.2731;-0.0844;0.2816;-0.2813;-9.97;29.07;-17.8;298.27;60.24;-107.62;0.0;69.447;19.519932;-96.91544;;;188.70969;0 / 0;30.4;95.0;4.149;68481;2014-10-24 12:41:03:364
5.4336;-10.1215;-0.1281;3.2388;-9.1811;1.1783;0.5285;-0.7249;-2.6124;0.6002;0.9152;0.5612;-2.89;25.21;-24.51;291.7;60.05;-99.64;0.0;64.247;19.519932;-96.91544;;;188.70969;0 / 0;30.4;95.0;4.149;69003;2014-10-24 12:41:03:886
2.8898;-7.7943;-3.2358;3.3803;-8.9068;-2.3266;-0.4905;1.1125;-0.9091;-0.8573;0.8649;-0.2203;1.91;34.41;-13.16;336.87;65.26;-124.54;0.0;64.678;19.519932;-96.91544;;;188.70969;0 / 0;30.4;95.0;4.149;69581;2014-10-24 12:41:04:464
2.9425;-9.2476;0.5543;3.2395;-8.9593;-2.3253;-0.297;-0.2883;2.8796;0.8964;0.1613;0.0237;0.13;33.66;-16.36;329.82;66.01;-125.67;0.0;65.822;19.519932;-96.91544;;;188.70969;0 / 0;30.4;95.0;4.149;70115;2014-10-24 12:41:04:998
2.296;-9.2883;-2.156;2.8599;-9.3103;-1.1447;-0.5639;0.0219;-1.0113;-0.143;-0.1313;-0.1242;-3.47;30.9;-20.24;307.04;72.02;-114.02;0.0;68.87;19.519932;-96.91544;;;188.70969;0 / 0;30.4;95.0;4.149;70630;2014-10-24 12:41:05:513
3.7266;-8.9807;-1.2462;3.2461;-9.1374;-1.4634;0.4805;0.1567;0.2172;-0.0561;-0.2535;-0.1;-19.23;25.54;-19.68;274.18;69.38;-113.02;0.0;55.897;19.519932;-96.91544;;;188.70969;0 / 0;30.4;95.0;4.149;71133;2014-10-24 12:41:06:016
4.1288;-8.9543;-0.7278;3.5735;-9.0531;-1.2005;0.5553;0.0988;0.4727;0.0102;0.1891;0.0344;-20.97;23.97;-19.68;262.26;67.54;-109.21;0.0;51.867;19.519932;-96.91544;;;188.70969;0 / 0;30.4;95.0;4.149;71715;2014-10-24 12:41:06:598
4.4496;-8.922;-1.3491;3.6375;-9.0124;-1.3095;0.8121;0.0905;-0.0396;-0.121;0.0549;-0.0122;-21.66;24.55;-19.15;259.78;67.35;-107.52;0.0;50.788;19.519932;-96.91544;;;188.70969;0 / 0;30.4;95.0;4.149;72262;2014-10-24 12:41:07:145
3.6966;-9.3757;-0.9804;4.1111;-8.8859;-0.5567;-0.4145;-0.4898;-0.4238;0.2825;0.1891;0.4672;-20.6;23.58;-20.58;262.8;64.09;-106.89;0.0;48.79;19.519932;-96.91544;;;188.70969;0 / 0;30.4;95.0;4.149;72844;2014-10-24 12:41:07:727
1.5131;-9.2847;-1.0618;2.2434;-9.5166;0.7568;-0.7303;0.2318;-1.8186;-0.0815;0.1095;0.1676;-13.23;24.23;-24.66;234.54;76.03;-71.36;0.0;52.268;19.519932;-96.91544;;;188.70969;0 / 0;30.4;95.0;4.149;73498;2014-10-24 12:41:08:381
0.0838;-9.845;-0.0886;0.8174;-9.7693;-0.2495;-0.7336;-0.0756;0.1609;-0.1195;0.8264;0.0947;-13.53;27.21;-21.27;258.59;85.0;-106.97;0.0;53.189;19.519932;-96.91544;;;188.70969;0 / 0;30.4;95.0;4.149;74025;2014-10-24 12:41:08:908
0.3029;-9.9599;0.1041;0.5697;-9.7894;-0.1126;-0.2668;-0.1704;0.2167;-0.0849;-0.1749;-0.0351;-14.49;26.86;-20.86;250.96;86.61;-101.18;0.0;50.456;19.519932;-96.91544;;;188.70969;0 / 0;30.4;95.0;4.149;74587;2014-10-24 12:41:09:470
0.5339;-9.754;0.3867;0.3328;-9.8009;-0.0411;-0.0102;-0.0839;0.9608;-0.0346;0.2384;-0.0322;-13.53;27.29;-21.48;249.99;88.03;-101.69;0.0;54.086;19.519932;-96.91544;;;188.70969;0 / 0;31.1;95.0;4.152;75134;2014-10-24 12:41:10:017
-0.3424;-9.9443;-0.1796;0.259;-9.8004;0.2367;-0.6014;-0.1439;-0.4163;0.1083;0.7766;-0.0256;-11.88;27.08;-22.56;257.33;88.62;-102.35;0.0;53.209;19.519932;-96.91544;;;188.70969;0 / 0;31.1;95.0;4.152;75652;2014-10-24 12:41:10:535
1.67;-9.9719;1.409;0.5432;-9.7287;1.1079;1.1268;-0.2431;0.3011;-0.1044;1.5229;-0.5663;1.22;25.66;-27.89;206.55;85.32;-30.81;0.0;48.585;19.519932;-96.91544;;;188.70969;0 / 0;31.1;95.0;4.152;76216;2014-10-24 12:41:11:099
4.537;-9.8426;-0.9469;2.5554;-9.4438;-0.674;1.9816;-0.3987;-0.2729;-0.5167;0.3211;0.0456;10.01;32.68;-16.4;309.11;79.69;-83.36;0.0;51.398;19.519932;-96.91544;;;188.70969;0 / 0;31.1;95.0;4.152;76776;2014-10-24 12:41:11:659
3.723;-8.1846;-2.3798;2.7414;-9.1333;-2.2887;0.9816;0.9487;-0.0911;-0.566;0.8786;0.1405;12.2;36.38;-2.94;12.16;70.0;-127.63;0.0;71.523;19.519932;-96.91544;;;188.70969;0 / 0;31.1;95.0;4.152;77281;2014-10-24 12:41:12:164
0.9457;-10.5321;2.8575;2.2713;-9.4823;-1.0473;-1.3255;-1.0497;3.9048;1.3487;-1.9313;-0.4167;12.22;35.08;-8.94;352.24;75.22;-114.76;0.0;63.047;19.519932;-96.91544;;;188.70969;0 / 0;31.1;95.0;4.152;77791;2014-10-24 12:41:12:674
-0.8368;-9.9515;0.1389;1.7244;-9.6314;0.6586;-2.5612;-0.3201;-0.5197;-0.0429;-2.3834;-0.0405;13.61;31.77;-17.24;291.57;80.91;-59.88;0.0;56.756;19.519932;-96.91544;;;188.70969;0 / 0;31.1;95.0;4.152;78299;2014-10-24 12:41:13:182
3.1759;-7.9667;-1.8794;0.8397;-9.7693;0.163;2.3362;1.8026;-2.0425;1.3585;-3.0639;0.4648;-16.14;27.61;-22.19;226.86;85.0;-79.01;0.0;68.6;19.519932;-96.91544;;;188.70969;0 / 0;31.1;95.0;4.152;78820;2014-10-24 12:41:13:703
1.7933;-9.4248;1.9836;2.1049;-9.5778;0.076;-0.3116;0.153;1.9076;0.3518;-1.8057;-0.0586;-26.93;25.0;-10.38;202.91;77.6;-87.93;0.0;57.679;19.519932;-96.91544;;;188.70969;0 / 0;31.1;95.0;4.152;79334;2014-10-24 12:41:14:217
2.2805;-9.0106;-0.5997;1.3806;-9.7064;0.2243;0.8999;0.6958;-0.8241;0.0952;-1.64;-0.2859;-18.16;25.82;20.48;115.31;81.8;-80.77;0.0;53.97;19.519932;-96.91544;;;188.70969;0 / 0;31.1;95.0;4.152;79834;2014-10-24 12:41:14:717
2.9137;-8.157;-2.976;3.2582;-9.2493;-0.0754;-0.3444;1.0922;-2.9006;0.1674;-0.4438;-0.2896;-15.95;23.31;24.72;107.97;70.59;-91.33;0.0;67.66;19.519932;-96.91544;;;188.70969;0 / 0;31.1;95.0;4.152;80409;2014-10-24 12:41:15:292
-0.3723;-8.594;2.5163;1.8494;-9.5867;0.9196;-0.9648;-0.7802;0.5887;1.1726;-0.7058;0.7388;1.78;28.41;24.46;72.87;72.38;-97.41;0.0;62.804;19.519932;-96.91544;;;188.70969;0 / 0;31.1;95.0;4.152;80931;2014-10-24 12:41:15:814
2.0387;-11.9842;2.9269;0.6321;-9.7741;-0.4882;1.4066;-2.2101;3.4152;-2.7511;-0.3113;-0.315;20.75;30.4;9.15;55.88;85.33;-127.68;0.0;60.211;19.519932;-96.91544;;;188.70969;0 / 0;31.1;95.0;4.152;81678;2014-10-24 12:41:16:561
-1.0271;-7.2101;1.397;1.5301;-9.6429;-0.9183;-2.5572;2.4328;2.3153;0.9593;0.2955;1.3878;4.57;29.05;18.01;84.09;65.56;-143.55;0.0;61.48;19.519932;-96.91544;;;188.70969;0 / 0;31.1;95.0;4.152;82233;2014-10-24 12:41:17:116
-0.8056;-6.189;2.8443;0.8793;-9.3144;-2.9394;-1.6849;3.1253;5.7837;-1.863;1.1599;0.4592;19.45;31.22;-4.29;359.24;87.67;-101.08;0.0;58.753;19.519932;-96.91544;;;188.70969;0 / 0;31.1;95.0;4.152;82773;2014-10-24 12:41:17:656
3.6332;-10.0161;3.0694;1.7084;-9.6369;0.6178;1.696;-0.4041;3.2302;0.7895;-3.8263;-0.1547;20.67;32.27;7.53;0.78;79.32;-70.12;0.0;59.94;19.519932;-96.91544;;;188.70969;0 / 0;31.1;95.0;4.152;83292;2014-10-24 12:41:18:175
3.0179;-10.835;2.4768;0.3545;-9.799;0.1571;2.6633;-1.036;2.3197;-2.5418;1.8423;-0.6666;15.67;34.0;-13.55;287.33;87.73;-66.11;0.0;61.738;19.519932;-96.91544;;;188.70969;0 / 0;31.1;95.0;4.152;83800;2014-10-24 12:41:18:683
7.0916;-17.9649;0.0646;1.178;-9.6291;-1.4365;0.6332;5.699;-1.3851;1.5102;-4.9921;-1.5676;19.17;33.36;9.41;61.13;79.08;-140.65;0.0;65.961;19.519932;-96.91544;;;188.70969;0 / 0;31.1;95.0;4.152;84344;2014-10-24 12:41:19:227
-2.7569;-12.9502;3.4153;-0.219;-9.4845;2.4832;-2.5379;-3.4657;0.9321;-2.774;-0.0864;-0.183;18.1;27.46;-19.34;248.41;67.79;-0.62;0.0;66.881;19.519932;-96.91544;;;188.70969;0 / 0;31.1;95.0;4.152;84884;2014-10-24 12:41:19:767
7.6028;-19.6133;-1.5778;1.022;-9.7065;-0.9542;-0.1158;8.477;-1.7465;1.4546;0.6578;-0.4348;18.07;33.75;9.82;85.35;72.02;-178.33;0.0;66.155;19.519932;-96.91544;;;188.70969;0 / 0;31.1;95.0;4.152;85396;2014-10-24 12:41:20:279
0.9768;-12.7228;-0.097;0.9075;-9.7637;0.1294;-3.3991;-3.4417;-2.1383;1.7552;-2.1668;0.0837;19.04;30.94;-14.13;321.23;83.39;-59.61;0.0;59.944;19.519932;-96.91544;;;188.70969;0 / 0;31.1;95.0;4.152;85899;2014-10-24 12:41:20:782
0.9673;-3.7074;2.7054;0.7548;-9.7775;0.0446;0.6355;6.0585;1.8766;-0.243;0.0124;-0.2806;19.7;34.0;-3.5;293.0;87.09;-29.86;0.0;58.308;19.519932;-96.91544;;;188.70969;0 / 0;31.1;95.0;4.152;86399;2014-10-24 12:41:21:282
-0.4238;-9.5457;-6.5864;-0.0084;-9.7597;0.9586;0.2289;0.5475;-4.4569;2.96;-2.3;1.388;21.91;31.9;-7.91;257.09;84.39;0.5;0.0;63.415;19.519932;-96.91544;;;188.70969;0 / 0;31.1;95.0;4.152;86899;2014-10-24 12:41:21:782
3.6224;-7.1587;2.63;1.4186;-9.4223;-2.3193;2.8855;-0.2292;3.0595;-2.6945;-0.213;-1.0472;14.22;35.55;-9.54;14.94;73.9;-148.55;0.0;58.173;19.519932;-96.91544;;;188.70969;0 / 0;31.1;95.0;4.152;87404;2014-10-24 12:41:22:287
0.8392;-13.1609;2.4146;1.0631;-9.722;-0.723;-0.2239;-3.4389;3.1376;0.871;5.2695;1.3731;16.77;35.06;3.28;55.03;79.84;-153.67;0.0;72.657;19.519932;-96.91544;;;188.70969;0 / 0;31.1;95.0;4.152;87920;2014-10-24 12:41:22:803
6.4943;-9.4463;-0.8056;1.6845;-9.6122;-0.9689;4.8098;0.1659;0.1633;-2.2588;2.0033;-0.0956;-2.55;30.0;-25.84;303.82;78.57;-119.91;0.0;67.029;19.519932;-96.91544;;;188.70969;0 / 0;31.1;95.0;4.152;88441;2014-10-24 12:41:23:324
0.1281;-5.2637;-1.7274;3.0166;-9.2738;-1.033;-2.8885;4.0102;-0.6944;0.6739;5.0696;-0.8176;-17.39;34.73;-11.6;269.48;71.03;-108.9;0.0;64.371;19.519932;-96.91544;;;188.70969;0 / 0;31.1;95.0;4.152;88959;2014-10-24 12:41:23:842
-6.6176;-5.8395;-2.9987;-0.3173;-9.3155;-3.0482;0.7852;0.3265;2.4928;0.5885;-3.6953;2.4898;-8.62;38.4;-9.43;296.58;60.67;-109.03;0.0;70.539;19.519932;-96.91544;;;188.70969;0 / 0;31.1;95.0;4.152;89468;2014-10-24 12:41:24:351
-8.8178;-11.485;1.7801;-4.0817;-8.9154;0.1581;0.0441;1.0715;3.1876;-0.0537;3.2076;2.5664;-7.91;37.97;-12.72;16.19;71.63;126.62;0.0;64.702;19.519932;-96.91544;;;188.70969;0 / 1;31.1;95.0;4.152;89971;2014-10-24 12:41:24:854
-15.6126;6.517;2.0662;-9.1193;-3.6055;0.0951;-6.4933;10.1226;1.9711;0.1976;-0.8705;0.3064;17.78;30.72;-18.31;47.85;32.45;91.91;0.0;69.09;19.519932;-96.91544;;;188.70969;0 / 1;31.1;95.0;4.152;90555;2014-10-24 12:41:25:438
-2.5438;3.6595;8.7855;-2.1905;4.3448;8.5144;-0.3534;-0.6853;0.2711;0.2933;-1.3958;-0.3518;-13.85;-1.48;-38.16;58.95;-26.3;14.43;2.0;61.677;19.519932;-96.91544;;;188.70969;0 / 1;31.1;95.0;4.152;91072;2014-10-24 12:41:25:955
-0.5495;7.0437;6.6499;-0.6237;5.7795;7.898;0.0743;1.2642;-1.2481;0.8881;0.7942;-0.4072;-21.87;-10.12;-31.28;67.07;-32.66;4.89;2.0;52.074;19.519932;-96.91544;;;188.70969;0 / 1;31.1;95.0;4.152;91726;2014-10-24 12:41:26:609
-2.3487;4.9799;7.1263;-1.8309;4.7244;8.3963;-0.5178;0.2556;-1.27;-0.5953;-0.5053;-0.6878;-16.12;-20.45;-28.45;100.75;-33.03;15.21;2.0;54.774;19.519932;-96.91544;;;188.70969;0 / 1;31.1;95.0;4.152;92354;2014-10-24 12:41:27:237
-5.3965;3.7697;8.0768;-3.7374;2.7294;8.6459;-1.6591;1.0403;-0.5691;0.4021;0.4411;-0.2247;-10.18;-19.21;-31.24;120.44;-14.94;19.86;2.0;50.807;19.519932;-96.91544;;;188.70969;0 / 0;31.1;95.0;4.152;92892;2014-10-24 12:41:27:775
-2.7078;5.46;8.2361;-2.1277;3.9978;8.6984;-0.5802;1.4622;-0.4623;0.221;-0.9064;0.3848;-12.01;-23.31;-26.44;125.34;-19.76;23.96;2.0;49.058;19.519932;-96.91544;;;188.70969;0 / 0;31.1;95.0;4.152;93481;2014-10-24 12:41:28:364
-2.1596;7.3969;5.8694;-2.1352;6.0733;7.3977;-0.0243;1.3236;-1.5283;0.2918;0.3081;0.1256;-15.91;-26.97;-19.9;122.22;-35.69;13.01;2.0;53.972;19.519932;-96.91544;;;188.70969;0 / 0;31.1;95.0;4.152;94033;2014-10-24 12:41:28:916